mou_id,sector,district,announced_investment_inr,realisation_pct,realised_investment_inr,jobs_promised,jobs_verified,days_to_realisation
MOU-0001,Electronics,Coimbatore,50007919,29,14502297,237,83,167
MOU-0002,Automotive,Dindigul,50015838,40,20006335,374,157,214
MOU-0003,Renewables,Karur,50023757,51,25512116,511,250,261
MOU-0004,Textiles,Thanjavur,50031676,62,31019639,648,363,308
MOU-0005,Logistics,Vellore,50039595,73,36528904,785,495,355
MOU-0006,IT/ITES,Ariyalur,50047514,84,42039912,922,645,402
MOU-0007,Food Processing,Coimbatore,50055433,95,47552661,1059,815,449
MOU-0008,Pharma,Dindigul,50063352,27,13517105,1196,1005,496
MOU-0009,Electronics,Karur,50071271,38,19027083,1333,373,543
MOU-0010,Automotive,Thanjavur,50079190,49,24538803,1470,514,590
MOU-0011,Renewables,Vellore,50087109,60,30052265,1607,675,637
MOU-0012,Textiles,Ariyalur,50095028,71,35567470,1744,855,684
MOU-0013,Logistics,Coimbatore,50102947,82,41084417,1881,1053,731
MOU-0014,IT/ITES,Dindigul,50110866,93,46603105,2018,1271,778
MOU-0015,Food Processing,Karur,50118785,25,12529696,2155,1508,825
MOU-0016,Pharma,Thanjavur,50126704,36,18045613,2292,1765,872
MOU-0017,Electronics,Vellore,50134623,47,23563273,2429,2040,919
MOU-0018,Automotive,Ariyalur,50142542,58,29082674,2566,718,966
MOU-0019,Renewables,Coimbatore,50150461,69,34603818,2703,946,133
MOU-0020,Textiles,Dindigul,50158380,80,40126704,2840,1193,180
MOU-0021,Logistics,Karur,50166299,91,45651332,2977,1459,227
MOU-0022,IT/ITES,Thanjavur,50174218,23,11540070,3114,1744,274
MOU-0023,Food Processing,Vellore,50182137,34,17061927,3251,2048,321
MOU-0024,Pharma,Ariyalur,50190056,45,22585525,3388,2372,368
MOU-0025,Electronics,Coimbatore,50197975,56,28110866,3525,2714,415
MOU-0026,Automotive,Dindigul,50205894,67,33637949,3662,3076,462
MOU-0027,Renewables,Karur,50213813,78,39166774,3799,1064,509
MOU-0028,Textiles,Thanjavur,50221732,89,44697341,3936,1378,556
MOU-0029,Logistics,Vellore,50229651,21,10548227,4073,1711,603
MOU-0030,IT/ITES,Ariyalur,50237570,32,16076022,4210,2063,650
MOU-0031,Food Processing,Coimbatore,50245489,43,21605560,4347,2434,697
MOU-0032,Pharma,Dindigul,50253408,54,27136840,4484,2825,744
MOU-0033,Electronics,Karur,50261327,65,32669863,4621,3235,791
MOU-0034,Automotive,Thanjavur,50269246,76,38204627,4758,3664,838
MOU-0035,Renewables,Vellore,50277165,87,43741134,4895,4112,885
MOU-0036,Textiles,Ariyalur,50285084,19,9554166,132,37,932
MOU-0037,Logistics,Coimbatore,50293003,30,15087901,269,94,979
MOU-0038,IT/ITES,Dindigul,50300922,41,20623378,406,171,146
MOU-0039,Food Processing,Karur,50308841,52,26160597,543,266,193
MOU-0040,Pharma,Thanjavur,50316760,63,31699559,680,381,240
MOU-0041,Electronics,Vellore,50324679,74,37240262,817,515,287
MOU-0042,Automotive,Ariyalur,50332598,85,42782708,954,668,334
MOU-0043,Renewables,Coimbatore,50340517,96,48326896,1091,840,381
MOU-0044,Textiles,Dindigul,50348436,28,14097562,1228,1032,428
MOU-0045,Logistics,Karur,50356355,39,19638978,1365,382,475
MOU-0046,IT/ITES,Thanjavur,50364274,50,25182137,1502,526,522
MOU-0047,Food Processing,Vellore,50372193,61,30727038,1639,688,569
MOU-0048,Pharma,Ariyalur,50380112,72,36273681,1776,870,616
MOU-0049,Electronics,Coimbatore,50388031,83,41822066,1913,1071,663
MOU-0050,Automotive,Dindigul,50395950,94,47372193,2050,1292,710
MOU-0051,Renewables,Karur,50403869,26,13105006,2187,1531,757
MOU-0052,Textiles,Thanjavur,50411788,37,18652362,2324,1789,804
MOU-0053,Logistics,Vellore,50419707,48,24201459,2461,2067,851
MOU-0054,IT/ITES,Ariyalur,50427626,59,29752299,2598,727,898
MOU-0055,Food Processing,Coimbatore,50435545,70,35304882,2735,957,945
MOU-0056,Pharma,Dindigul,50443464,81,40859206,2872,1206,992
MOU-0057,Electronics,Karur,50451383,92,46415272,3009,1474,159
MOU-0058,Automotive,Thanjavur,50459302,24,12110232,3146,1762,206
MOU-0059,Renewables,Vellore,50467221,35,17663527,3283,2068,253
MOU-0060,Textiles,Ariyalur,50475140,46,23218564,3420,2394,300
MOU-0061,Logistics,Coimbatore,50483059,57,28775344,3557,2739,347
MOU-0062,IT/ITES,Dindigul,50490978,68,34333865,3694,3103,394
MOU-0063,Food Processing,Karur,50498897,79,39894129,3831,1073,441
MOU-0064,Pharma,Thanjavur,50506816,90,45456134,3968,1389,488
MOU-0065,Electronics,Vellore,50514735,22,11113242,4105,1724,535
MOU-0066,Automotive,Ariyalur,50522654,33,16672476,4242,2079,582
MOU-0067,Renewables,Coimbatore,50530573,44,22233452,4379,2452,629
MOU-0068,Textiles,Dindigul,50538492,55,27796171,4516,2845,676
MOU-0069,Logistics,Karur,50546411,66,33360631,4653,3257,723
MOU-0070,IT/ITES,Thanjavur,50554330,77,38926834,4790,3688,770
MOU-0071,Food Processing,Vellore,50562249,88,44494779,4927,4139,817
MOU-0072,Pharma,Ariyalur,50570168,20,10114034,164,46,864
MOU-0073,Electronics,Coimbatore,50578087,31,15679207,301,105,911
MOU-0074,Automotive,Dindigul,50586006,42,21246123,438,184,958
MOU-0075,Renewables,Karur,50593925,53,26814780,575,282,125
MOU-0076,Textiles,Thanjavur,50601844,64,32385180,712,399,172
MOU-0077,Logistics,Vellore,50609763,75,37957322,849,535,219
MOU-0078,IT/ITES,Ariyalur,50617682,86,43531207,986,690,266
MOU-0079,Food Processing,Coimbatore,50625601,18,9112608,1123,865,313
MOU-0080,Pharma,Dindigul,50633520,29,14683721,1260,1058,360
MOU-0081,Electronics,Karur,50641439,40,20256576,1397,391,407
MOU-0082,Automotive,Thanjavur,50649358,51,25831173,1534,537,454
MOU-0083,Renewables,Vellore,50657277,62,31407512,1671,702,501
MOU-0084,Textiles,Ariyalur,50665196,73,36985593,1808,886,548
MOU-0085,Logistics,Coimbatore,50673115,84,42565417,1945,1089,595
MOU-0086,IT/ITES,Dindigul,50681034,95,48146982,2082,1312,642
MOU-0087,Food Processing,Karur,50688953,27,13686017,2219,1553,689
MOU-0088,Pharma,Thanjavur,50696872,38,19264811,2356,1814,736
MOU-0089,Electronics,Vellore,50704791,49,24845348,2493,2094,783
MOU-0090,Automotive,Ariyalur,50712710,60,30427626,2630,736,830
MOU-0091,Renewables,Coimbatore,50720629,71,36011647,2767,968,877
MOU-0092,Textiles,Dindigul,50728548,82,41597409,2904,1220,924
MOU-0093,Logistics,Karur,50736467,93,47184914,3041,1490,971
MOU-0094,IT/ITES,Thanjavur,50744386,25,12686096,3178,1780,138
MOU-0095,Food Processing,Vellore,50752305,36,18270830,3315,2088,185
MOU-0096,Pharma,Ariyalur,50760224,47,23857305,3452,2416,232
MOU-0097,Electronics,Coimbatore,50768143,58,29445523,3589,2764,279
